Designator,Val,Package,MidX,MidY,Rotation,Layer
"D24","LED","LED_0603_1608Metric",-164.227500,-61.660000,0.000000,bottom
"D25","LED","LED_0603_1608Metric",-134.440000,-61.660000,0.000000,bottom
"D26","LED","LED_0603_1608Metric",-184.440000,-81.660000,-90.000000,bottom
"D27","LED","LED_0603_1608Metric",-114.440000,-79.000000,90.000000,bottom
"D28","LED","LED_0603_1608Metric",-184.440000,-111.660000,-90.000000,bottom
"D29","LED","LED_0603_1608Metric",-114.440000,-111.660000,90.000000,bottom
"D30","LED","LED_0603_1608Metric",-164.440000,-131.660000,180.000000,bottom
"D31","LED","LED_0603_1608Metric",-134.652500,-131.660000,180.000000,bottom
"U14","SSD1306_conn","ssd1306_14",-151.322500,-130.585000,90.000000,bottom
"","","",192.790000,-133.240000,0.000000,top
"","","",102.860000,-133.400000,0.000000,top
"C1","10nF","C_0402_1005Metric",107.240000,-62.490000,0.000000,top
"C2","10uF","C_0402_1005Metric",120.120000,-63.240000,180.000000,top
"C3","1nF","C_0402_1005Metric",120.120000,-62.110000,180.000000,top
"C4","100pF","C_0402_1005Metric",122.340000,-54.210000,-90.000000,top
"C5","10uF","C_0402_1005Metric",107.250000,-63.580000,0.000000,top
"C6","100uF","CP_EIA-3528-21_Kemet-B",112.140000,-65.160000,90.000000,top
"C7","100n","C_0402_1005Metric",107.240000,-64.660000,0.000000,top
"C8","4.7uF","C_0402_1005Metric",127.610000,-67.980000,0.000000,top
"C9","10uF","C_0402_1005Metric",121.080000,-78.350000,-90.000000,top
"C10","1nF","C_0402_1005Metric",128.990000,-70.070000,0.000000,top
"C11","100pF","C_0402_1005Metric",126.240000,-74.860000,180.000000,top
"C12","10uF","C_0402_1005Metric",136.420000,-80.760000,0.000000,top
"C13","10uF","C_0402_1005Metric",135.470000,-85.550000,90.000000,top
"C14","4.7uF","C_0402_1005Metric",114.540000,-68.560000,90.000000,top
"C15","12pF","C_0402_1005Metric",137.230000,-74.470000,-90.000000,top
"C16","10uF","C_0402_1005Metric",118.240000,-75.260000,180.000000,top
"C17","10uF","C_0402_1005Metric",114.490000,-70.670000,-90.000000,top
"C18","1uF","C_0402_1005Metric",116.610000,-65.590000,0.000000,top
"C19","1uF","C_0402_1005Metric",119.880000,-78.350000,90.000000,top
"C20","10uF","C_0402_1005Metric",127.610000,-69.000000,0.000000,top
"C21","100n","C_0402_1005Metric",136.650000,-85.540000,90.000000,top
"C22","1uF","C_0402_1005Metric",116.440000,-68.860000,0.000000,top
"C23","10uF","C_0402_1005Metric",127.840000,-72.460000,-90.000000,top
"C24","4.7uF","C_0402_1005Metric",121.640000,-65.560000,-90.000000,top
"C25","10uF","C_0402_1005Metric",127.640000,-64.760000,0.000000,top
"C26","10uF","C_0402_1005Metric",127.640000,-65.860000,0.000000,top
"C27","10uF","C_0603_1608Metric",116.240000,-73.460000,180.000000,top
"C28","220nF","C_0402_1005Metric",120.640000,-64.760000,90.000000,top
"C29","1uF","C_0402_1005Metric",115.840000,-66.660000,180.000000,top
"C30","4.7uF","C_0402_1005Metric",130.020000,-67.000000,180.000000,top
"C31","10uF","C_0402_1005Metric",123.940000,-75.860000,-90.000000,top
"C32","4.7uF","C_0402_1005Metric",121.330000,-75.760000,90.000000,top
"C33","100n","C_0402_1005Metric",131.680000,-85.580000,90.000000,top
"C34","220nF","C_0402_1005Metric",116.140000,-74.760000,180.000000,top
"C35","10uF","C_0402_1005Metric",120.300000,-75.760000,-90.000000,top
"C36","18pf","C_0402_1005Metric",139.930000,-67.595000,180.000000,top
"C37","100n","C_0402_1005Metric",147.240000,-86.060000,90.000000,top
"C38","18pf","C_0402_1005Metric",139.960000,-70.845000,180.000000,top
"C39","100n","C_0402_1005Metric",141.140000,-86.670000,90.000000,top
"C40","100n","C_0402_1005Metric",139.940000,-86.430000,-90.000000,top
"C41","100n","C_0402_1005Metric",144.020000,-85.830000,90.000000,top
"C42","4.7uF","C_0402_1005Metric",144.400000,-69.270000,-90.000000,top
"C43","100n","C_0402_1005Metric",153.640000,-86.560000,90.000000,top
"C44","10uF","C_0402_1005Metric",148.480000,-85.620000,90.000000,top
"C45","4.7uF","C_0402_1005Metric",141.070000,-78.150000,0.000000,top
"C46","12pF","C_0402_1005Metric",139.940000,-77.220000,180.000000,top
"C47","100pF","C_0402_1005Metric",145.570000,-68.110000,-90.000000,top
"C48","100n","C_0402_1005Metric",142.900000,-86.620000,90.000000,top
"C49","100pF","C_0402_1005Metric",153.480000,-78.800000,90.000000,top
"C50","100n","C_0402_1005Metric",145.110000,-85.780000,90.000000,top
"C51","100n","C_0402_1005Metric",145.960000,-82.980000,90.000000,top
"C52","100n","C_0402_1005Metric",150.040000,-85.660000,90.000000,top
"C53","100pF","C_0402_1005Metric",141.040000,-79.130000,0.000000,top
"C54","10uF","C_0603_1608Metric",183.040000,-86.485000,0.000000,top
"C55","100n","C_0402_1005Metric",182.540000,-85.085000,0.000000,top
"C56","100n","C_0402_1005Metric",181.200000,-69.450000,-90.000000,top
"C57","100n","C_0402_1005Metric",180.702500,-74.060000,90.000000,top
"C58","10uF","C_0603_1608Metric",179.042500,-73.750000,90.000000,top
"C59","100n","C_0402_1005Metric",190.940000,-70.560000,-90.000000,top
"C60","10uF/50V","LED_1206_3216Metric",190.940000,-78.785000,90.000000,top
"C61","100n","C_0402_1005Metric",106.900000,-99.460000,0.000000,top
"C62","18pf","C_0402_1005Metric",135.640000,-108.060000,180.000000,top
"C63","1uF","C_0402_1005Metric",139.340000,-91.460000,180.000000,top
"C64","100n","C_0402_1005Metric",138.850000,-98.190000,180.000000,top
"C65","100n","C_0402_1005Metric",139.240000,-92.860000,180.000000,top
"C66","1uF","C_0402_1005Metric",138.090000,-102.000000,180.000000,top
"C67","18pf","C_0402_1005Metric",134.670000,-92.570000,0.000000,top
"C68","1uF","C_0402_1005Metric",137.200000,-96.830000,-90.000000,top
"C69","10uF","C_0402_1005Metric",138.350000,-90.430000,180.000000,top
"C70","100n","C_0402_1005Metric",125.870000,-92.660000,-90.000000,top
"C71","18pf","C_0402_1005Metric",135.640000,-104.760000,180.000000,top
"C72","18pf","C_0402_1005Metric",134.670000,-97.070000,180.000000,top
"C73","1uF","C_0402_1005Metric",138.450000,-99.270000,180.000000,top
"C74","100n","C_0402_1005Metric",138.990000,-96.900000,180.000000,top
"C75","100n","C_0402_1005Metric",138.910000,-89.030000,180.000000,top
"C76","100n","C_0402_1005Metric",138.030000,-94.950000,180.000000,top
"C77","100n","C_0402_1005Metric",151.630000,-109.270000,-90.000000,top
"C78","100n","C_0402_1005Metric",145.940000,-107.470000,-90.000000,top
"C79","100n","C_0402_1005Metric",148.330000,-107.200000,-90.000000,top
"C80","10uF","C_0402_1005Metric",160.340000,-95.460000,0.000000,top
"C81","100n","C_0402_1005Metric",143.500000,-108.260000,-90.000000,top
"C82","100n","C_0402_1005Metric",162.240000,-90.860000,0.000000,top
"C83","1uF","C_0402_1005Metric",156.440000,-107.460000,0.000000,top
"C84","100n","C_0402_1005Metric",160.840000,-98.560000,0.000000,top
"C85","100n","C_0402_1005Metric",161.230000,-113.050000,180.000000,top
"C86","1uF","C_0402_1005Metric",160.320000,-92.580000,0.000000,top
"C87","10uF","C_0402_1005Metric",150.520000,-109.250000,-90.000000,top
"C88","1uF","C_0402_1005Metric",147.300000,-107.210000,-90.000000,top
"C89","1uF","C_0402_1005Metric",157.030000,-106.220000,0.000000,top
"C90","4.7uF","C_0402_1005Metric",142.510000,-106.600000,90.000000,top
"C91","10uF","C_0402_1005Metric",160.370000,-94.440000,0.000000,top
"C92","100n","C_0402_1005Metric",171.340000,-104.220000,90.000000,top
"C93","10uF/50V","LED_1206_3216Metric",186.170000,-106.100000,180.000000,top
"C94","4.7uF","C_0402_1005Metric",179.070000,-113.070000,0.000000,top
"C95","100n","C_0402_1005Metric",104.190000,-120.630000,180.000000,top
"C96","100n","C_0402_1005Metric",156.300000,-114.500000,90.000000,top
"C97","4.7uF","C_0402_1005Metric",179.130000,-114.560000,0.000000,top
"C98","1uF","C_0402_1005Metric",168.670000,-119.740000,-90.000000,top
"C99","10uF","C_0603_1608Metric",192.300000,-123.500000,90.000000,top
"C100","100n","C_0402_1005Metric",190.900000,-124.000000,90.000000,top
"C101","100n","C_0402_1005Metric",134.300000,-116.100000,-90.000000,top
"C102","2.2uF","C_0603_1608Metric",156.700000,-124.700000,180.000000,top
"C103","1uF","C_0402_1005Metric",157.700000,-133.000000,-90.000000,top
"C104","4.7uF","C_0402_1005Metric",156.750000,-130.830000,0.000000,top
"C105","4.7uF","C_0402_1005Metric",157.500000,-129.600000,0.000000,top
"C106","4.7uF","C_0402_1005Metric",148.700000,-122.100000,0.000000,top
"C107","1uF","C_0402_1005Metric",149.000000,-135.590000,0.000000,top
"C108","4.7uF","C_0402_1005Metric",155.900000,-122.700000,90.000000,top
"C109","100n","C_0402_1005Metric",157.100000,-122.700000,-90.000000,top
"C110","100n","C_0402_1005Metric",144.500000,-120.800000,-90.000000,top
"D1","CHRG","LED_0603_1608Metric",106.140000,-78.160000,0.000000,top
"D2","3.3","LED_0603_1608Metric",106.140000,-72.150000,0.000000,top
"D3","PWR","LED_0603_1608Metric",106.110000,-70.030000,0.000000,top
"D4","SPD","LED_0603_1608Metric",106.140000,-76.160000,0.000000,top
"D5","LNK","LED_0603_1608Metric",106.140000,-74.160000,0.000000,top
"D6","1N5819WS","D_SOD-123",116.890000,-78.140000,180.000000,top
"D7","LED","LED_0603_1608Metric",144.830000,-80.470000,90.000000,top
"D8","LED","LED_0603_1608Metric",146.790000,-80.470000,90.000000,top
"D9","1N5819WS","D_SOD-123",185.840000,-77.960000,180.000000,top
"D10","TX","LED_0603_1608Metric",196.000000,-72.440000,0.000000,top
"D11","RX","LED_0603_1608Metric",196.020000,-75.190000,0.000000,top
"D12","ESD5451X-2/TR","ESD5451X-2",120.340000,-104.460000,90.000000,top
"D13","ESD5451X-2/TR","ESD5451X-2",120.335000,-113.755000,90.000000,top
"D14","ESD5451X-2/TR","ESD5451X-2",120.355000,-106.485000,90.000000,top
"D15","ESD5451X-2/TR","ESD5451X-2",120.330000,-111.300000,90.000000,top
"D16","ESD5451X-2/TR","ESD5451X-2",120.340000,-108.960000,90.000000,top
"D17","ESD5451X-2/TR","ESD5451X-2",154.440000,-108.060000,90.000000,top
"D18","ESD5451X-2/TR","ESD5451X-2",152.340000,-111.360000,90.000000,top
"D19","ESD5451X-2/TR","ESD5451X-2",153.310000,-109.270000,90.000000,top
"D20","ESD5451X-2/TR","ESD5451X-2",106.955000,-120.615000,180.000000,top
"D21","ESD5451X-2/TR","ESD5451X-2",120.350000,-116.480000,90.000000,top
"D22","ESD5451X-2/TR","ESD5451X-2",150.345000,-114.535000,90.000000,top
"D23","1N5819WS","D_SOD-123",182.900000,-117.610000,-90.000000,top
"D32","4148","D_SOD-323",152.800000,-119.300000,-90.000000,top
"FB1","FerriteBead","R_0805_2012Metric",143.020000,-78.450000,-90.000000,top
"FB2","FerriteBead","R_0805_2012Metric",191.840000,-67.060000,180.000000,top
"J1","Conn_02x16_Odd_Even","PinHeader_2x16_P2.54mm_Vertical_SMD",155.956000,-54.102000,90.000000,top
"J2","SWD","PinHeader_2x02_P2.54mm_Vertical",181.859000,-52.827000,0.000000,top
"J3","BATT","Molex_PicoBlade_53047-0310_1x03_P1.25mm_Vertical",111.790000,-74.210000,-90.000000,top
"J4","POWER","USB_Micro-B_Molex-105017-0001",102.140000,-64.060000,-90.000000,top
"J5","SERIAL","USB_Micro-B_Molex-105017-0001",196.740000,-65.260000,90.000000,top
"J6","47352-1001","MOLEX_47352-1001",108.540000,-112.360000,-90.000000,top
"J7","RJ45_LED_Shielded","RJ45_Hanrun_HR911105A",105.167500,-92.900000,90.000000,top
"J8","USB_HOST","USB_A_Wuerth_614004134726_Horizontal",113.030000,-126.860000,0.000000,top
"J9","AudioJack4_SwitchTR1","Jack_3.5mm_PJ311_Horizontal",174.000000,-136.115000,180.000000,top
"J10","UART_Header","PinHeader_1x06_P2.54mm_Vertical",183.300000,-142.350000,180.000000,top
"L1","4.7uH 1.1A 0.1R","L_Bourns-SRN4018",123.940000,-62.060000,0.000000,top
"L2","4.7uH 1.1A 0.1R","L_Bourns-SRN4018",131.550000,-73.320000,-90.000000,top
"L3","4.7uH 1.1A 0.1R","L_Bourns-SRN4018",128.320000,-78.770000,-90.000000,top
"L4","4.7uH 1.1A 0.1R","L_Bourns-SRN4018",128.410000,-84.760000,0.000000,top
"L5","4.7uH 1.1A 0.1R","L_Bourns-SRN4018",185.940000,-82.185000,90.000000,top
"L6","10uH","L_1206_3216Metric",105.740000,-102.460000,180.000000,top
"L7","4.7uH 1.1A 0.1R","L_Bourns-SRN4018",188.083750,-119.830000,180.000000,top
"R1","1k","R_0402_1005Metric",123.640000,-54.210000,-90.000000,top
"R2","200k 1%","R_0805_2012Metric",116.540000,-62.860000,-90.000000,top
"R3","1k","R_0402_1005Metric",117.840000,-57.760000,-90.000000,top
"R4","47k","R_0402_1005Metric",192.840000,-62.960000,90.000000,top
"R5","47k","R_0402_1005Metric",105.490000,-65.910000,-90.000000,top
"R6","1k","R_0603_1608Metric",108.910000,-72.660000,-90.000000,top
"R7","2k2","R_0402_1005Metric",108.740000,-78.160000,180.000000,top
"R8","2k2","R_0402_1005Metric",109.030000,-69.540000,180.000000,top
"R9","100k","R_0402_1005Metric",133.460000,-83.830000,0.000000,top
"R10","0R","R_0603_1608Metric",116.140000,-71.160000,90.000000,top
"R11","200k","R_0402_1005Metric",132.890000,-85.560000,90.000000,top
"R12","47k","R_0402_1005Metric",116.440000,-67.760000,180.000000,top
"R13","0.03R","R_1206_3216Metric",124.330000,-80.770000,-90.000000,top
"R14","100k","R_0402_1005Metric",131.890000,-77.010000,-90.000000,top
"R15","2k","R_0402_1005Metric",138.890000,-87.990000,180.000000,top
"R16","2k","R_0402_1005Metric",138.900000,-86.380000,-90.000000,top
"R17","220R","R_0402_1005Metric",148.710000,-81.260000,0.000000,top
"R18","10k","R_0402_1005Metric",156.590000,-70.810000,90.000000,top
"R19","47R","R_0402_1005Metric",143.060000,-73.460000,0.000000,top
"R20","10k","R_0402_1005Metric",141.270000,-81.000000,0.000000,top
"R21","1k","R_0402_1005Metric",143.010000,-82.370000,180.000000,top
"R22","2k2","R_0402_1005Metric",150.440000,-80.380000,-90.000000,top
"R23","2k2","R_0402_1005Metric",151.520000,-80.390000,-90.000000,top
"R24","10k","R_0402_1005Metric",179.360000,-77.190000,-90.000000,top
"R25","1k","R_0402_1005Metric",183.940000,-69.260000,90.000000,top
"R26","1k","R_0402_1005Metric",185.140000,-69.260000,-90.000000,top
"R27","4k7","R_0402_1005Metric",176.940000,-83.485000,180.000000,top
"R28","10k","R_0402_1005Metric",170.280000,-72.900000,180.000000,top
"R29","10R","R_0603_1608Metric",175.340000,-81.585000,180.000000,top
"R30","1k","R_0402_1005Metric",193.270000,-75.940000,0.000000,top
"R31","1k","R_0402_1005Metric",193.240000,-73.180000,0.000000,top
"R32","49.9","R_0603_1608Metric",102.640000,-98.660000,90.000000,top
"R33","49.9","R_0603_1608Metric",105.140000,-98.660000,90.000000,top
"R34","220R","R_0603_1608Metric",131.180000,-93.100000,-90.000000,top
"R35","49.9","R_0603_1608Metric",125.870000,-89.960000,-90.000000,top
"R36","1k","R_0603_1608Metric",129.520000,-91.550000,-90.000000,top
"R37","1k","R_0603_1608Metric",128.630000,-94.710000,0.000000,top
"R38","240R","R_0603_1608Metric",135.840000,-91.260000,0.000000,top
"R39","10k","R_0402_1005Metric",122.740000,-106.560000,90.000000,top
"R40","10k","R_0402_1005Metric",122.740000,-104.560000,90.000000,top
"R41","10k","R_0402_1005Metric",122.730000,-113.840000,90.000000,top
"R42","10M","R_0402_1005Metric",135.840000,-106.460000,90.000000,top
"R43","6k8","R_0402_1005Metric",137.840000,-103.060000,180.000000,top
"R44","10k","R_0402_1005Metric",122.740000,-111.380000,90.000000,top
"R45","1k","R_0603_1608Metric",129.670000,-96.430000,0.000000,top
"R46","49.9","R_0603_1608Metric",124.190000,-89.960000,-90.000000,top
"R47","33R","R_0402_1005Metric",152.370000,-107.190000,90.000000,top
"R48","100k","R_0402_1005Metric",150.360000,-112.440000,-90.000000,top
"R49","33R","R_0402_1005Metric",146.860000,-110.290000,90.000000,top
"R50","33R","R_0402_1005Metric",153.390000,-107.150000,90.000000,top
"R51","10k","R_0402_1005Metric",159.990000,-104.110000,90.000000,top
"R52","0R","R_0603_1608Metric",156.340000,-111.860000,90.000000,top
"R53","10k","R_0402_1005Metric",188.120000,-90.950000,0.000000,top
"R54","1R","R_0402_1005Metric",188.430000,-112.630000,180.000000,top
"R55","1R","R_0402_1005Metric",188.430000,-111.330000,180.000000,top
"R56","1R","R_0402_1005Metric",190.530000,-111.930000,180.000000,top
"R57","10k","R_0402_1005Metric",122.720000,-116.580000,90.000000,top
"R58","22R","R_0603_1608Metric",158.300000,-113.200000,-90.000000,top
"R59","6k8","R_0402_1005Metric",168.000000,-142.200000,-90.000000,top
"R60","10k","R_0402_1005Metric",171.210000,-120.400000,90.000000,top
"R61","4k7","R_0402_1005Metric",192.483750,-126.530000,0.000000,top
"R62","11k","R_0603_1608Metric",134.800000,-142.700000,180.000000,top
"R63","10k","R_0402_1005Metric",146.500000,-142.700000,180.000000,top
"R64","8k2","R_0402_1005Metric",157.490000,-142.800000,180.000000,top
"R65","4k7","R_0402_1005Metric",150.800000,-120.000000,-90.000000,top
"R66","560k","R_0603_1608Metric",156.400000,-127.400000,180.000000,top
"RN1","10k","R_Array_Concave_4x0402",161.630000,-117.350000,180.000000,top
"SW1","RESET","SW_SPST_TL3342",128.840000,-52.810000,180.000000,top
"SW2","POWER","SW_SPST_TL3342",117.210000,-52.800000,180.000000,top
"SW3","RST","SW_SPST_TL3342",161.500000,-73.700000,0.000000,top
"SW4","BOOT","SW_SPST_TL3342",161.500000,-67.000000,180.000000,top
"SW5","A","SW_SPST_TL3342",128.650000,-140.800000,180.000000,top
"SW6","B","SW_SPST_TL3342",140.950000,-140.800000,180.000000,top
"SW7","C","SW_SPST_TL3342",152.000000,-140.800000,180.000000,top
"SW8","D","SW_SPST_TL3342",163.000000,-140.800000,180.000000,top
"U1","SY8088AAC","SOT-23-5",133.240000,-79.800000,0.000000,top
"U2","AXP209","AXP209-QFN48",121.940000,-70.390000,180.000000,top
"U3","STM32","LQFP-48_7x7mm_P0.5mm",149.460000,-73.530000,0.000000,top
"U4","CH340N","SOIC-8_3.9x4.9mm_P1.27mm",184.540000,-64.060000,-90.000000,top
"U5","SPI FLASH","SOIC-8_5.23x5.23mm_P1.27mm",173.280000,-76.550000,0.000000,top
"U6","SY7200AABC","SOT-23-6",180.840000,-82.385000,-90.000000,top
"U7","AMS1117-3.3","SOT-223-3_TabPin2",175.530000,-68.220000,180.000000,top
"U8","V3S-split","V3s-ELQFP-128",149.440000,-96.660000,180.000000,top
"U9","eMMC 8GB","EMMC_JLCP",170.640000,-112.260000,90.000000,top
"U10","FPC_40","Hirose_FH12-40S-0.5SH_1x40-1MP_P0.50mm_Horizontal",192.990000,-96.560000,90.000000,top
"U11","SRV05-4","SOT-23-6",120.300000,-119.800000,180.000000,top
"U12","SY7200AABC","SOT-23-6",188.083750,-125.530000,0.000000,top
"U13","AMS1117-3.3","SOT-223-3_TabPin2",139.520000,-118.190000,-90.000000,top
"Y1","16MHz","Crystal_SMD_3225-4Pin_3.2x2.5mm",139.580000,-74.490000,-90.000000,top
"Y2","32.768khz","Crystal_SMD_MicroCrystal_CC7V-T1A-2Pin_3.2x1.5mm_HandSoldering",142.310000,-69.230000,90.000000,top
"Y3","24MHz","Crystal_SMD_2520-4Pin_2.5x2.0mm",134.670000,-94.770000,90.000000,top
"Y4","32.768khz","Crystal_SMD_MicroCrystal_CC7V-T1A-2Pin_3.2x1.5mm_HandSoldering",137.840000,-106.460000,-90.000000,top
